drop table countries;
drop table departments;
drop table employees;
drop table job_history;
drop table jobs;
drop table locations;
drop table regions;

CREATE TABLE JOBS
(
  JOB_ID      VARCHAR(10) primary key,
  JOB_TITLE   VARCHAR(35)  NOT NULL,
  MIN_SALARY  int(6),
  MAX_SALARY  int(6)
);

CREATE TABLE REGIONS
(
  REGION_ID    int(2) primary key,
  REGION_NAME  VARCHAR(25)
);

CREATE TABLE COUNTRIES
(
  COUNTRY_ID    CHAR(2)  primary key,
  COUNTRY_NAME  VARCHAR(40),
  REGION_ID     int(2)
);

CREATE TABLE LOCATIONS
(
  LOCATION_ID     int(4)  primary key,
  STREET_ADDRESS  VARCHAR(40),
  POSTAL_CODE     VARCHAR(12),
  CITY            VARCHAR(30) NOT NULL,
  STATE_PROVINCE  VARCHAR(25),
  COUNTRY_ID      CHAR(2)
);

CREATE TABLE DEPARTMENTS
(
  DEPARTMENT_ID    int(4) primary key,
  DEPARTMENT_NAME  VARCHAR(30) NOT NULL,
  MANAGER_ID       int(6),
  LOCATION_ID      int(4)
);

CREATE TABLE EMPLOYEES
(
  EMPLOYEE_ID     int(6) primary key,
  FIRST_NAME      VARCHAR(20),
  LAST_NAME       VARCHAR(25) NOT NULL,
  EMAIL           VARCHAR(25) NOT NULL,
  PHONE_NUMBER    VARCHAR(20),
  HIRE_DATE       DATE NOT NULL,
  JOB_ID          VARCHAR(10) NOT NULL,
  SALARY          decimal(8,2),
  COMMISSION_PCT  decimal(2,2),
  MANAGER_ID      int(6),
  DEPARTMENT_ID   int(4)
);

CREATE TABLE JOB_HISTORY
(
  EMPLOYEE_ID    int(6),
  START_DATE     DATE NOT NULL,
  END_DATE       DATE NOT NULL,
  JOB_ID         VARCHAR(10) NOT NULL,
  DEPARTMENT_ID  int(4),
	PRIMARY KEY (EMPLOYEE_ID,START_DATE)
);

Insert into REGIONS
   (REGION_ID, REGION_NAME)
 Values
   (1, 'Europe');
Insert into REGIONS
   (REGION_ID, REGION_NAME)
 Values
   (2, 'Americas');
Insert into REGIONS
   (REGION_ID, REGION_NAME)
 Values
   (3, 'Asia');
Insert into REGIONS
   (REGION_ID, REGION_NAME)
 Values
   (4, 'Middle East and Africa');
COMMIT;


Insert into LOCATIONS
   (LOCATION_ID, STREET_ADDRESS, POSTAL_CODE, CITY, STATE_PROVINCE, 
    COUNTRY_ID)
 Values
   (1000, '1297 Via Cola di Rie', '00989', 'Roma', NULL, 
    'IT');
Insert into LOCATIONS
   (LOCATION_ID, STREET_ADDRESS, POSTAL_CODE, CITY, STATE_PROVINCE, 
    COUNTRY_ID)
 Values
   (1100, '93091 Calle della Testa', '10934', 'Venice', NULL, 
    'IT');
Insert into LOCATIONS
   (LOCATION_ID, STREET_ADDRESS, POSTAL_CODE, CITY, STATE_PROVINCE, 
    COUNTRY_ID)
 Values
   (1200, '2017 Shinjuku-ku', '1689', 'Tokyo', 'Tokyo Prefecture', 
    'JP');
Insert into LOCATIONS
   (LOCATION_ID, STREET_ADDRESS, POSTAL_CODE, CITY, STATE_PROVINCE, 
    COUNTRY_ID)
 Values
   (1300, '9450 Kamiya-cho', '6823', 'Hiroshima', NULL, 
    'JP');
Insert into LOCATIONS
   (LOCATION_ID, STREET_ADDRESS, POSTAL_CODE, CITY, STATE_PROVINCE, 
    COUNTRY_ID)
 Values
   (1400, '2014 Jabberwocky Rd', '26192', 'Southlake', 'Texas', 
    'US');
Insert into LOCATIONS
   (LOCATION_ID, STREET_ADDRESS, POSTAL_CODE, CITY, STATE_PROVINCE, 
    COUNTRY_ID)
 Values
   (1500, '2011 Interiors Blvd', '99236', 'South San Francisco', 'California', 
    'US');
Insert into LOCATIONS
   (LOCATION_ID, STREET_ADDRESS, POSTAL_CODE, CITY, STATE_PROVINCE, 
    COUNTRY_ID)
 Values
   (1600, '2007 Zagora St', '50090', 'South Brunswick', 'New Jersey', 
    'US');
Insert into LOCATIONS
   (LOCATION_ID, STREET_ADDRESS, POSTAL_CODE, CITY, STATE_PROVINCE, 
    COUNTRY_ID)
 Values
   (1700, '2004 Charade Rd', '98199', 'Seattle', 'Washington', 
    'US');
Insert into LOCATIONS
   (LOCATION_ID, STREET_ADDRESS, POSTAL_CODE, CITY, STATE_PROVINCE, 
    COUNTRY_ID)
 Values
   (1800, '147 Spadina Ave', 'M5V 2L7', 'Toronto', 'Ontario', 
    'CA');
Insert into LOCATIONS
   (LOCATION_ID, STREET_ADDRESS, POSTAL_CODE, CITY, STATE_PROVINCE, 
    COUNTRY_ID)
 Values
   (1900, '6092 Boxwood St', 'YSW 9T2', 'Whitehorse', 'Yukon', 
    'CA');
Insert into LOCATIONS
   (LOCATION_ID, STREET_ADDRESS, POSTAL_CODE, CITY, STATE_PROVINCE, 
    COUNTRY_ID)
 Values
   (2000, '40-5-12 Laogianggen', '190518', 'Beijing', NULL, 
    'CN');
Insert into LOCATIONS
   (LOCATION_ID, STREET_ADDRESS, POSTAL_CODE, CITY, STATE_PROVINCE, 
    COUNTRY_ID)
 Values
   (2100, '1298 Vileparle (E)', '490231', 'Bombay', 'Maharashtra', 
    'IN');
Insert into LOCATIONS
   (LOCATION_ID, STREET_ADDRESS, POSTAL_CODE, CITY, STATE_PROVINCE, 
    COUNTRY_ID)
 Values
   (2200, '12-98 Victoria Street', '2901', 'Sydney', 'New South Wales', 
    'AU');
Insert into LOCATIONS
   (LOCATION_ID, STREET_ADDRESS, POSTAL_CODE, CITY, STATE_PROVINCE, 
    COUNTRY_ID)
 Values
   (2300, '198 Clementi North', '540198', 'Singapore', NULL, 
    'SG');
Insert into LOCATIONS
   (LOCATION_ID, STREET_ADDRESS, POSTAL_CODE, CITY, STATE_PROVINCE, 
    COUNTRY_ID)
 Values
   (2400, '8204 Arthur St', NULL, 'London', NULL, 
    'UK');
Insert into LOCATIONS
   (LOCATION_ID, STREET_ADDRESS, POSTAL_CODE, CITY, STATE_PROVINCE, 
    COUNTRY_ID)
 Values
   (2500, 'Magdalen Centre, The Oxford Science Park', 'OX9 9ZB', 'Oxford', 'Oxford', 
    'UK');
Insert into LOCATIONS
   (LOCATION_ID, STREET_ADDRESS, POSTAL_CODE, CITY, STATE_PROVINCE, 
    COUNTRY_ID)
 Values
   (2600, '9702 Chester Road', '09629850293', 'Stretford', 'Manchester', 
    'UK');
Insert into LOCATIONS
   (LOCATION_ID, STREET_ADDRESS, POSTAL_CODE, CITY, STATE_PROVINCE, 
    COUNTRY_ID)
 Values
   (2700, 'Schwanthalerstr. 7031', '80925', 'Munich', 'Bavaria', 
    'DE');
Insert into LOCATIONS
   (LOCATION_ID, STREET_ADDRESS, POSTAL_CODE, CITY, STATE_PROVINCE, 
    COUNTRY_ID)
 Values
   (2800, 'Rua Frei Caneca 1360 ', '01307-002', 'Sao Paulo', 'Sao Paulo', 
    'BR');
Insert into LOCATIONS
   (LOCATION_ID, STREET_ADDRESS, POSTAL_CODE, CITY, STATE_PROVINCE, 
    COUNTRY_ID)
 Values
   (2900, '20 Rue des Corps-Saints', '1730', 'Geneva', 'Geneve', 
    'CH');
Insert into LOCATIONS
   (LOCATION_ID, STREET_ADDRESS, POSTAL_CODE, CITY, STATE_PROVINCE, 
    COUNTRY_ID)
 Values
   (3000, 'Murtenstrasse 921', '3095', 'Bern', 'BE', 
    'CH');
Insert into LOCATIONS
   (LOCATION_ID, STREET_ADDRESS, POSTAL_CODE, CITY, STATE_PROVINCE, 
    COUNTRY_ID)
 Values
   (3100, 'Pieter Breughelstraat 837', '3029SK', 'Utrecht', 'Utrecht', 
    'NL');
Insert into LOCATIONS
   (LOCATION_ID, STREET_ADDRESS, POSTAL_CODE, CITY, STATE_PROVINCE, 
    COUNTRY_ID)
 Values
   (3200, 'Mariano Escobedo 9991', '11932', 'Mexico City', 'Distrito Federal,', 
    'MX');
COMMIT;

Insert into JOBS
   (JOB_ID, JOB_TITLE, MIN_SALARY, MAX_SALARY)
 Values
   ('AD_PRES', 'President', 20080, 40000);
Insert into JOBS
   (JOB_ID, JOB_TITLE, MIN_SALARY, MAX_SALARY)
 Values
   ('AD_VP', 'Administration Vice President', 15000, 30000);
Insert into JOBS
   (JOB_ID, JOB_TITLE, MIN_SALARY, MAX_SALARY)
 Values
   ('AD_ASST', 'Administration Assistant', 3000, 6000);
Insert into JOBS
   (JOB_ID, JOB_TITLE, MIN_SALARY, MAX_SALARY)
 Values
   ('FI_MGR', 'Finance Manager', 8200, 16000);
Insert into JOBS
   (JOB_ID, JOB_TITLE, MIN_SALARY, MAX_SALARY)
 Values
   ('FI_ACCOUNT', 'Accountant', 4200, 9000);
Insert into JOBS
   (JOB_ID, JOB_TITLE, MIN_SALARY, MAX_SALARY)
 Values
   ('AC_MGR', 'Accounting Manager', 8200, 16000);
Insert into JOBS
   (JOB_ID, JOB_TITLE, MIN_SALARY, MAX_SALARY)
 Values
   ('AC_ACCOUNT', 'Public Accountant', 4200, 9000);
Insert into JOBS
   (JOB_ID, JOB_TITLE, MIN_SALARY, MAX_SALARY)
 Values
   ('SA_MAN', 'Sales Manager', 10000, 20080);
Insert into JOBS
   (JOB_ID, JOB_TITLE, MIN_SALARY, MAX_SALARY)
 Values
   ('SA_REP', 'Sales Representative', 6000, 12008);
Insert into JOBS
   (JOB_ID, JOB_TITLE, MIN_SALARY, MAX_SALARY)
 Values
   ('PU_MAN', 'Purchasing Manager', 8000, 15000);
Insert into JOBS
   (JOB_ID, JOB_TITLE, MIN_SALARY, MAX_SALARY)
 Values
   ('PU_CLERK', 'Purchasing Clerk', 2500, 5500);
Insert into JOBS
   (JOB_ID, JOB_TITLE, MIN_SALARY, MAX_SALARY)
 Values
   ('ST_MAN', 'Stock Manager', 5500, 8500);
Insert into JOBS
   (JOB_ID, JOB_TITLE, MIN_SALARY, MAX_SALARY)
 Values
   ('ST_CLERK', 'Stock Clerk', 2008, 5000);
Insert into JOBS
   (JOB_ID, JOB_TITLE, MIN_SALARY, MAX_SALARY)
 Values
   ('SH_CLERK', 'Shipping Clerk', 2500, 5500);
Insert into JOBS
   (JOB_ID, JOB_TITLE, MIN_SALARY, MAX_SALARY)
 Values
   ('IT_PROG', 'Programmer', 4000, 10000);
Insert into JOBS
   (JOB_ID, JOB_TITLE, MIN_SALARY, MAX_SALARY)
 Values
   ('MK_MAN', 'Marketing Manager', 9000, 15000);
Insert into JOBS
   (JOB_ID, JOB_TITLE, MIN_SALARY, MAX_SALARY)
 Values
   ('MK_REP', 'Marketing Representative', 4000, 9000);
Insert into JOBS
   (JOB_ID, JOB_TITLE, MIN_SALARY, MAX_SALARY)
 Values
   ('HR_REP', 'Human Resources Representative', 4000, 9000);
Insert into JOBS
   (JOB_ID, JOB_TITLE, MIN_SALARY, MAX_SALARY)
 Values
   ('PR_REP', 'Public Relations Representative', 4500, 10500);
COMMIT;

Insert into DEPARTMENTS
   (DEPARTMENT_ID, DEPARTMENT_NAME, MANAGER_ID, LOCATION_ID)
 Values
   (10, 'Administration', 200, 1700);
Insert into DEPARTMENTS
   (DEPARTMENT_ID, DEPARTMENT_NAME, MANAGER_ID, LOCATION_ID)
 Values
   (20, 'Marketing', 201, 1800);
Insert into DEPARTMENTS
   (DEPARTMENT_ID, DEPARTMENT_NAME, MANAGER_ID, LOCATION_ID)
 Values
   (30, 'Purchasing', 114, 1700);
Insert into DEPARTMENTS
   (DEPARTMENT_ID, DEPARTMENT_NAME, MANAGER_ID, LOCATION_ID)
 Values
   (40, 'Human Resources', 203, 2400);
Insert into DEPARTMENTS
   (DEPARTMENT_ID, DEPARTMENT_NAME, MANAGER_ID, LOCATION_ID)
 Values
   (50, 'Shipping', 121, 1500);
Insert into DEPARTMENTS
   (DEPARTMENT_ID, DEPARTMENT_NAME, MANAGER_ID, LOCATION_ID)
 Values
   (60, 'IT', 103, 1400);
Insert into DEPARTMENTS
   (DEPARTMENT_ID, DEPARTMENT_NAME, MANAGER_ID, LOCATION_ID)
 Values
   (70, 'Public Relations', 204, 2700);
Insert into DEPARTMENTS
   (DEPARTMENT_ID, DEPARTMENT_NAME, MANAGER_ID, LOCATION_ID)
 Values
   (80, 'Sales', 145, 2500);
Insert into DEPARTMENTS
   (DEPARTMENT_ID, DEPARTMENT_NAME, MANAGER_ID, LOCATION_ID)
 Values
   (90, 'Executive', 100, 1700);
Insert into DEPARTMENTS
   (DEPARTMENT_ID, DEPARTMENT_NAME, MANAGER_ID, LOCATION_ID)
 Values
   (100, 'Finance', 108, 1700);
Insert into DEPARTMENTS
   (DEPARTMENT_ID, DEPARTMENT_NAME, MANAGER_ID, LOCATION_ID)
 Values
   (110, 'Accounting', 205, 1700);
Insert into DEPARTMENTS
   (DEPARTMENT_ID, DEPARTMENT_NAME, MANAGER_ID, LOCATION_ID)
 Values
   (120, 'Treasury', NULL, 1700);
Insert into DEPARTMENTS
   (DEPARTMENT_ID, DEPARTMENT_NAME, MANAGER_ID, LOCATION_ID)
 Values
   (130, 'Corporate Tax', NULL, 1700);
Insert into DEPARTMENTS
   (DEPARTMENT_ID, DEPARTMENT_NAME, MANAGER_ID, LOCATION_ID)
 Values
   (140, 'Control And Credit', NULL, 1700);
Insert into DEPARTMENTS
   (DEPARTMENT_ID, DEPARTMENT_NAME, MANAGER_ID, LOCATION_ID)
 Values
   (150, 'Shareholder Services', NULL, 1700);
Insert into DEPARTMENTS
   (DEPARTMENT_ID, DEPARTMENT_NAME, MANAGER_ID, LOCATION_ID)
 Values
   (160, 'Benefits', NULL, 1700);
Insert into DEPARTMENTS
   (DEPARTMENT_ID, DEPARTMENT_NAME, MANAGER_ID, LOCATION_ID)
 Values
   (170, 'Manufacturing', NULL, 1700);
Insert into DEPARTMENTS
   (DEPARTMENT_ID, DEPARTMENT_NAME, MANAGER_ID, LOCATION_ID)
 Values
   (180, 'Construction', NULL, 1700);
Insert into DEPARTMENTS
   (DEPARTMENT_ID, DEPARTMENT_NAME, MANAGER_ID, LOCATION_ID)
 Values
   (190, 'Contracting', NULL, 1700);
Insert into DEPARTMENTS
   (DEPARTMENT_ID, DEPARTMENT_NAME, MANAGER_ID, LOCATION_ID)
 Values
   (200, 'Operations', NULL, 1700);
Insert into DEPARTMENTS
   (DEPARTMENT_ID, DEPARTMENT_NAME, MANAGER_ID, LOCATION_ID)
 Values
   (210, 'IT Support', NULL, 1700);
Insert into DEPARTMENTS
   (DEPARTMENT_ID, DEPARTMENT_NAME, MANAGER_ID, LOCATION_ID)
 Values
   (220, 'NOC', NULL, 1700);
Insert into DEPARTMENTS
   (DEPARTMENT_ID, DEPARTMENT_NAME, MANAGER_ID, LOCATION_ID)
 Values
   (230, 'IT Helpdesk', NULL, 1700);
Insert into DEPARTMENTS
   (DEPARTMENT_ID, DEPARTMENT_NAME, MANAGER_ID, LOCATION_ID)
 Values
   (240, 'Government Sales', NULL, 1700);
Insert into DEPARTMENTS
   (DEPARTMENT_ID, DEPARTMENT_NAME, MANAGER_ID, LOCATION_ID)
 Values
   (250, 'Retail Sales', NULL, 1700);
Insert into DEPARTMENTS
   (DEPARTMENT_ID, DEPARTMENT_NAME, MANAGER_ID, LOCATION_ID)
 Values
   (260, 'Recruiting', NULL, 1700);
Insert into DEPARTMENTS
   (DEPARTMENT_ID, DEPARTMENT_NAME, MANAGER_ID, LOCATION_ID)
 Values
   (270, 'Payroll', NULL, 1700);
COMMIT;

Insert into COUNTRIES
   (COUNTRY_ID, COUNTRY_NAME, REGION_ID)
 Values
   ('AR', 'Argentina', 2);
Insert into COUNTRIES
   (COUNTRY_ID, COUNTRY_NAME, REGION_ID)
 Values
   ('AU', 'Australia', 3);
Insert into COUNTRIES
   (COUNTRY_ID, COUNTRY_NAME, REGION_ID)
 Values
   ('BE', 'Belgium', 1);
Insert into COUNTRIES
   (COUNTRY_ID, COUNTRY_NAME, REGION_ID)
 Values
   ('BR', 'Brazil', 2);
Insert into COUNTRIES
   (COUNTRY_ID, COUNTRY_NAME, REGION_ID)
 Values
   ('CA', 'Canada', 2);
Insert into COUNTRIES
   (COUNTRY_ID, COUNTRY_NAME, REGION_ID)
 Values
   ('CH', 'Switzerland', 1);
Insert into COUNTRIES
   (COUNTRY_ID, COUNTRY_NAME, REGION_ID)
 Values
   ('CN', 'China', 3);
Insert into COUNTRIES
   (COUNTRY_ID, COUNTRY_NAME, REGION_ID)
 Values
   ('DE', 'Germany', 1);
Insert into COUNTRIES
   (COUNTRY_ID, COUNTRY_NAME, REGION_ID)
 Values
   ('DK', 'Denmark', 1);
Insert into COUNTRIES
   (COUNTRY_ID, COUNTRY_NAME, REGION_ID)
 Values
   ('EG', 'Egypt', 4);
Insert into COUNTRIES
   (COUNTRY_ID, COUNTRY_NAME, REGION_ID)
 Values
   ('FR', 'France', 1);
Insert into COUNTRIES
   (COUNTRY_ID, COUNTRY_NAME, REGION_ID)
 Values
   ('IL', 'Israel', 4);
Insert into COUNTRIES
   (COUNTRY_ID, COUNTRY_NAME, REGION_ID)
 Values
   ('IN', 'India', 3);
Insert into COUNTRIES
   (COUNTRY_ID, COUNTRY_NAME, REGION_ID)
 Values
   ('IT', 'Italy', 1);
Insert into COUNTRIES
   (COUNTRY_ID, COUNTRY_NAME, REGION_ID)
 Values
   ('JP', 'Japan', 3);
Insert into COUNTRIES
   (COUNTRY_ID, COUNTRY_NAME, REGION_ID)
 Values
   ('KW', 'Kuwait', 4);
Insert into COUNTRIES
   (COUNTRY_ID, COUNTRY_NAME, REGION_ID)
 Values
   ('ML', 'Malaysia', 3);
Insert into COUNTRIES
   (COUNTRY_ID, COUNTRY_NAME, REGION_ID)
 Values
   ('MX', 'Mexico', 2);
Insert into COUNTRIES
   (COUNTRY_ID, COUNTRY_NAME, REGION_ID)
 Values
   ('NG', 'Nigeria', 4);
Insert into COUNTRIES
   (COUNTRY_ID, COUNTRY_NAME, REGION_ID)
 Values
   ('NL', 'Netherlands', 1);
Insert into COUNTRIES
   (COUNTRY_ID, COUNTRY_NAME, REGION_ID)
 Values
   ('SG', 'Singapore', 3);
Insert into COUNTRIES
   (COUNTRY_ID, COUNTRY_NAME, REGION_ID)
 Values
   ('UK', 'United Kingdom', 1);
Insert into COUNTRIES
   (COUNTRY_ID, COUNTRY_NAME, REGION_ID)
 Values
   ('US', 'United States of America', 2);
Insert into COUNTRIES
   (COUNTRY_ID, COUNTRY_NAME, REGION_ID)
 Values
   ('ZM', 'Zambia', 4);
Insert into COUNTRIES
   (COUNTRY_ID, COUNTRY_NAME, REGION_ID)
 Values
   ('ZW', 'Zimbabwe', 4);
COMMIT;


Insert into JOB_HISTORY
   (EMPLOYEE_ID, START_DATE, END_DATE, JOB_ID, DEPARTMENT_ID)
 Values
   (102, '2001-01-13 00:00:00', '2006-07-24 00:00:00', 'IT_PROG', 60);
Insert into JOB_HISTORY
   (EMPLOYEE_ID, START_DATE, END_DATE, JOB_ID, DEPARTMENT_ID)
 Values
   (101, '1997-09-21 00:00:00', '2001-10-27 00:00:00', 'AC_ACCOUNT', 110);
Insert into JOB_HISTORY
   (EMPLOYEE_ID, START_DATE, END_DATE, JOB_ID, DEPARTMENT_ID)
 Values
   (101, '2001-10-28 00:00:00', '2005-03-15 00:00:00', 'AC_MGR', 110);
Insert into JOB_HISTORY
   (EMPLOYEE_ID, START_DATE, END_DATE, JOB_ID, DEPARTMENT_ID)
 Values
   (201, '2004-02-17 00:00:00', '2007-12-19 00:00:00', 'MK_REP', 20);
Insert into JOB_HISTORY
   (EMPLOYEE_ID, START_DATE, END_DATE, JOB_ID, DEPARTMENT_ID)
 Values
   (114, '2006-03-24 00:00:00', '2007-12-31 00:00:00', 'ST_CLERK', 50);
Insert into JOB_HISTORY
   (EMPLOYEE_ID, START_DATE, END_DATE, JOB_ID, DEPARTMENT_ID)
 Values
   (122, '2007-01-01 00:00:00', '2007-12-31 00:00:00', 'ST_CLERK', 50);
Insert into JOB_HISTORY
   (EMPLOYEE_ID, START_DATE, END_DATE, JOB_ID, DEPARTMENT_ID)
 Values
   (200, '1995-09-17 00:00:00', '2001-06-17 00:00:00', 'AD_ASST', 90);
Insert into JOB_HISTORY
   (EMPLOYEE_ID, START_DATE, END_DATE, JOB_ID, DEPARTMENT_ID)
 Values
   (176, '2006-03-24 00:00:00', '2006-12-31 00:00:00', 'SA_REP', 80);
Insert into JOB_HISTORY
   (EMPLOYEE_ID, START_DATE, END_DATE, JOB_ID, DEPARTMENT_ID)
 Values
   (176, '2007-01-01 00:00:00', '2007-12-31 00:00:00', 'SA_MAN', 80);
Insert into JOB_HISTORY
   (EMPLOYEE_ID, START_DATE, END_DATE, JOB_ID, DEPARTMENT_ID)
 Values
   (200, '2002-07-01 00:00:00', '2006-12-31 00:00:00', 'AC_ACCOUNT', 90);
COMMIT;



Insert into EMPLOYEES
   (EMPLOYEE_ID, FIRST_NAME, LAST_NAME, EMAIL, PHONE_NUMBER, 
    HIRE_DATE, JOB_ID, SALARY, COMMISSION_PCT, MANAGER_ID, 
    DEPARTMENT_ID)
 Values
   (100, 'Steven', 'King', 'SKING', '515.123.4567', 
    '2003-06-17 00:00:00', 'AD_PRES', 24000, NULL, NULL, 
    90);
Insert into EMPLOYEES
   (EMPLOYEE_ID, FIRST_NAME, LAST_NAME, EMAIL, PHONE_NUMBER, 
    HIRE_DATE, JOB_ID, SALARY, COMMISSION_PCT, MANAGER_ID, 
    DEPARTMENT_ID)
 Values
   (101, 'Neena', 'Kochhar', 'NKOCHHAR', '515.123.4568', 
    '2005-09-21 00:00:00', 'AD_VP', 17000, NULL, 100, 
    90);
Insert into EMPLOYEES
   (EMPLOYEE_ID, FIRST_NAME, LAST_NAME, EMAIL, PHONE_NUMBER, 
    HIRE_DATE, JOB_ID, SALARY, COMMISSION_PCT, MANAGER_ID, 
    DEPARTMENT_ID)
 Values
   (102, 'Lex', 'De Haan', 'LDEHAAN', '515.123.4569', 
    '2001-01-13 00:00:00', 'AD_VP', 17000, NULL, 100, 
    90);
Insert into EMPLOYEES
   (EMPLOYEE_ID, FIRST_NAME, LAST_NAME, EMAIL, PHONE_NUMBER, 
    HIRE_DATE, JOB_ID, SALARY, COMMISSION_PCT, MANAGER_ID, 
    DEPARTMENT_ID)
 Values
   (103, 'Alexander', 'Hunold', 'AHUNOLD', '590.423.4567', 
    '2006-01-03 00:00:00', 'IT_PROG', 9000, NULL, 102, 
    60);
Insert into EMPLOYEES
   (EMPLOYEE_ID, FIRST_NAME, LAST_NAME, EMAIL, PHONE_NUMBER, 
    HIRE_DATE, JOB_ID, SALARY, COMMISSION_PCT, MANAGER_ID, 
    DEPARTMENT_ID)
 Values
   (104, 'Bruce', 'Ernst', 'BERNST', '590.423.4568', 
    '2007-05-21 00:00:00', 'IT_PROG', 6000, NULL, 103, 
    60);
Insert into EMPLOYEES
   (EMPLOYEE_ID, FIRST_NAME, LAST_NAME, EMAIL, PHONE_NUMBER, 
    HIRE_DATE, JOB_ID, SALARY, COMMISSION_PCT, MANAGER_ID, 
    DEPARTMENT_ID)
 Values
   (105, 'David', 'Austin', 'DAUSTIN', '590.423.4569', 
    '2005-06-25 00:00:00', 'IT_PROG', 4800, NULL, 103, 
    60);
Insert into EMPLOYEES
   (EMPLOYEE_ID, FIRST_NAME, LAST_NAME, EMAIL, PHONE_NUMBER, 
    HIRE_DATE, JOB_ID, SALARY, COMMISSION_PCT, MANAGER_ID, 
    DEPARTMENT_ID)
 Values
   (106, 'Valli', 'Pataballa', 'VPATABAL', '590.423.4560', 
    '2006-02-05 00:00:00', 'IT_PROG', 4800, NULL, 103, 
    60);
Insert into EMPLOYEES
   (EMPLOYEE_ID, FIRST_NAME, LAST_NAME, EMAIL, PHONE_NUMBER, 
    HIRE_DATE, JOB_ID, SALARY, COMMISSION_PCT, MANAGER_ID, 
    DEPARTMENT_ID)
 Values
   (107, 'Diana', 'Lorentz', 'DLORENTZ', '590.423.5567', 
    '2007-02-07 00:00:00', 'IT_PROG', 4200, NULL, 103, 
    60);
Insert into EMPLOYEES
   (EMPLOYEE_ID, FIRST_NAME, LAST_NAME, EMAIL, PHONE_NUMBER, 
    HIRE_DATE, JOB_ID, SALARY, COMMISSION_PCT, MANAGER_ID, 
    DEPARTMENT_ID)
 Values
   (108, 'Nancy', 'Greenberg', 'NGREENBE', '515.124.4569', 
    '2002-08-17 00:00:00', 'FI_MGR', 12008, NULL, 101, 
    100);
Insert into EMPLOYEES
   (EMPLOYEE_ID, FIRST_NAME, LAST_NAME, EMAIL, PHONE_NUMBER, 
    HIRE_DATE, JOB_ID, SALARY, COMMISSION_PCT, MANAGER_ID, 
    DEPARTMENT_ID)
 Values
   (109, 'Daniel', 'Faviet', 'DFAVIET', '515.124.4169', 
    '2002-08-16 00:00:00', 'FI_ACCOUNT', 9000, NULL, 108, 
    100);
Insert into EMPLOYEES
   (EMPLOYEE_ID, FIRST_NAME, LAST_NAME, EMAIL, PHONE_NUMBER, 
    HIRE_DATE, JOB_ID, SALARY, COMMISSION_PCT, MANAGER_ID, 
    DEPARTMENT_ID)
 Values
   (110, 'John', 'Chen', 'JCHEN', '515.124.4269', 
    '2005-09-28 00:00:00', 'FI_ACCOUNT', 8200, NULL, 108, 
    100);
Insert into EMPLOYEES
   (EMPLOYEE_ID, FIRST_NAME, LAST_NAME, EMAIL, PHONE_NUMBER, 
    HIRE_DATE, JOB_ID, SALARY, COMMISSION_PCT, MANAGER_ID, 
    DEPARTMENT_ID)
 Values
   (111, 'Ismael', 'Sciarra', 'ISCIARRA', '515.124.4369', 
    '2005-09-30 00:00:00', 'FI_ACCOUNT', 7700, NULL, 108, 
    100);
Insert into EMPLOYEES
   (EMPLOYEE_ID, FIRST_NAME, LAST_NAME, EMAIL, PHONE_NUMBER, 
    HIRE_DATE, JOB_ID, SALARY, COMMISSION_PCT, MANAGER_ID, 
    DEPARTMENT_ID)
 Values
   (112, 'Jose Manuel', 'Urman', 'JMURMAN', '515.124.4469', 
    '2006-03-07 00:00:00', 'FI_ACCOUNT', 7800, NULL, 108, 
    100);
Insert into EMPLOYEES
   (EMPLOYEE_ID, FIRST_NAME, LAST_NAME, EMAIL, PHONE_NUMBER, 
    HIRE_DATE, JOB_ID, SALARY, COMMISSION_PCT, MANAGER_ID, 
    DEPARTMENT_ID)
 Values
   (113, 'Luis', 'Popp', 'LPOPP', '515.124.4567', 
    '2007-12-07 00:00:00', 'FI_ACCOUNT', 6900, NULL, 108, 
    100);
Insert into EMPLOYEES
   (EMPLOYEE_ID, FIRST_NAME, LAST_NAME, EMAIL, PHONE_NUMBER, 
    HIRE_DATE, JOB_ID, SALARY, COMMISSION_PCT, MANAGER_ID, 
    DEPARTMENT_ID)
 Values
   (114, 'Den', 'Raphaely', 'DRAPHEAL', '515.127.4561', 
    '2002-12-07 00:00:00', 'PU_MAN', 11000, NULL, 100, 
    30);
Insert into EMPLOYEES
   (EMPLOYEE_ID, FIRST_NAME, LAST_NAME, EMAIL, PHONE_NUMBER, 
    HIRE_DATE, JOB_ID, SALARY, COMMISSION_PCT, MANAGER_ID, 
    DEPARTMENT_ID)
 Values
   (115, 'Alexander', 'Khoo', 'AKHOO', '515.127.4562', 
    '2003-05-18 00:00:00', 'PU_CLERK', 3100, NULL, 114, 
    30);
Insert into EMPLOYEES
   (EMPLOYEE_ID, FIRST_NAME, LAST_NAME, EMAIL, PHONE_NUMBER, 
    HIRE_DATE, JOB_ID, SALARY, COMMISSION_PCT, MANAGER_ID, 
    DEPARTMENT_ID)
 Values
   (116, 'Shelli', 'Baida', 'SBAIDA', '515.127.4563', 
    '2005-12-24 00:00:00', 'PU_CLERK', 2900, NULL, 114, 
    30);
Insert into EMPLOYEES
   (EMPLOYEE_ID, FIRST_NAME, LAST_NAME, EMAIL, PHONE_NUMBER, 
    HIRE_DATE, JOB_ID, SALARY, COMMISSION_PCT, MANAGER_ID, 
    DEPARTMENT_ID)
 Values
   (117, 'Sigal', 'Tobias', 'STOBIAS', '515.127.4564', 
    '2005-07-24 00:00:00', 'PU_CLERK', 2800, NULL, 114, 
    30);
Insert into EMPLOYEES
   (EMPLOYEE_ID, FIRST_NAME, LAST_NAME, EMAIL, PHONE_NUMBER, 
    HIRE_DATE, JOB_ID, SALARY, COMMISSION_PCT, MANAGER_ID, 
    DEPARTMENT_ID)
 Values
   (118, 'Guy', 'Himuro', 'GHIMURO', '515.127.4565', 
    '2006-11-15 00:00:00', 'PU_CLERK', 2600, NULL, 114, 
    30);
Insert into EMPLOYEES
   (EMPLOYEE_ID, FIRST_NAME, LAST_NAME, EMAIL, PHONE_NUMBER, 
    HIRE_DATE, JOB_ID, SALARY, COMMISSION_PCT, MANAGER_ID, 
    DEPARTMENT_ID)
 Values
   (119, 'Karen', 'Colmenares', 'KCOLMENA', '515.127.4566', 
    '2007-08-10 00:00:00', 'PU_CLERK', 2500, NULL, 114, 
    30);
Insert into EMPLOYEES
   (EMPLOYEE_ID, FIRST_NAME, LAST_NAME, EMAIL, PHONE_NUMBER, 
    HIRE_DATE, JOB_ID, SALARY, COMMISSION_PCT, MANAGER_ID, 
    DEPARTMENT_ID)
 Values
   (120, 'Matthew', 'Weiss', 'MWEISS', '650.123.1234', 
    '2004-07-18 00:00:00', 'ST_MAN', 8000, NULL, 100, 
    50);
Insert into EMPLOYEES
   (EMPLOYEE_ID, FIRST_NAME, LAST_NAME, EMAIL, PHONE_NUMBER, 
    HIRE_DATE, JOB_ID, SALARY, COMMISSION_PCT, MANAGER_ID, 
    DEPARTMENT_ID)
 Values
   (121, 'Adam', 'Fripp', 'AFRIPP', '650.123.2234', 
    '2005-04-10 00:00:00', 'ST_MAN', 8200, NULL, 100, 
    50);
Insert into EMPLOYEES
   (EMPLOYEE_ID, FIRST_NAME, LAST_NAME, EMAIL, PHONE_NUMBER, 
    HIRE_DATE, JOB_ID, SALARY, COMMISSION_PCT, MANAGER_ID, 
    DEPARTMENT_ID)
 Values
   (122, 'Payam', 'Kaufling', 'PKAUFLIN', '650.123.3234', 
    '2003-05-01 00:00:00', 'ST_MAN', 7900, NULL, 100, 
    50);
Insert into EMPLOYEES
   (EMPLOYEE_ID, FIRST_NAME, LAST_NAME, EMAIL, PHONE_NUMBER, 
    HIRE_DATE, JOB_ID, SALARY, COMMISSION_PCT, MANAGER_ID, 
    DEPARTMENT_ID)
 Values
   (123, 'Shanta', 'Vollman', 'SVOLLMAN', '650.123.4234', 
    '2005-10-10 00:00:00', 'ST_MAN', 6500, NULL, 100, 
    50);
Insert into EMPLOYEES
   (EMPLOYEE_ID, FIRST_NAME, LAST_NAME, EMAIL, PHONE_NUMBER, 
    HIRE_DATE, JOB_ID, SALARY, COMMISSION_PCT, MANAGER_ID, 
    DEPARTMENT_ID)
 Values
   (124, 'Kevin', 'Mourgos', 'KMOURGOS', '650.123.5234', 
    '2007-11-16 00:00:00', 'ST_MAN', 5800, NULL, 100, 
    50);
Insert into EMPLOYEES
   (EMPLOYEE_ID, FIRST_NAME, LAST_NAME, EMAIL, PHONE_NUMBER, 
    HIRE_DATE, JOB_ID, SALARY, COMMISSION_PCT, MANAGER_ID, 
    DEPARTMENT_ID)
 Values
   (125, 'Julia', 'Nayer', 'JNAYER', '650.124.1214', 
    '2005-07-16 00:00:00', 'ST_CLERK', 3200, NULL, 120, 
    50);
Insert into EMPLOYEES
   (EMPLOYEE_ID, FIRST_NAME, LAST_NAME, EMAIL, PHONE_NUMBER, 
    HIRE_DATE, JOB_ID, SALARY, COMMISSION_PCT, MANAGER_ID, 
    DEPARTMENT_ID)
 Values
   (126, 'Irene', 'Mikkilineni', 'IMIKKILI', '650.124.1224', 
    '2006-09-28 00:00:00', 'ST_CLERK', 2700, NULL, 120, 
    50);
Insert into EMPLOYEES
   (EMPLOYEE_ID, FIRST_NAME, LAST_NAME, EMAIL, PHONE_NUMBER, 
    HIRE_DATE, JOB_ID, SALARY, COMMISSION_PCT, MANAGER_ID, 
    DEPARTMENT_ID)
 Values
   (127, 'James', 'Landry', 'JLANDRY', '650.124.1334', 
    '2007-01-14 00:00:00', 'ST_CLERK', 2400, NULL, 120, 
    50);
Insert into EMPLOYEES
   (EMPLOYEE_ID, FIRST_NAME, LAST_NAME, EMAIL, PHONE_NUMBER, 
    HIRE_DATE, JOB_ID, SALARY, COMMISSION_PCT, MANAGER_ID, 
    DEPARTMENT_ID)
 Values
   (128, 'Steven', 'Markle', 'SMARKLE', '650.124.1434', 
    '2008-03-08 00:00:00', 'ST_CLERK', 2200, NULL, 120, 
    50);
Insert into EMPLOYEES
   (EMPLOYEE_ID, FIRST_NAME, LAST_NAME, EMAIL, PHONE_NUMBER, 
    HIRE_DATE, JOB_ID, SALARY, COMMISSION_PCT, MANAGER_ID, 
    DEPARTMENT_ID)
 Values
   (129, 'Laura', 'Bissot', 'LBISSOT', '650.124.5234', 
    '2005-08-20 00:00:00', 'ST_CLERK', 3300, NULL, 121, 
    50);
Insert into EMPLOYEES
   (EMPLOYEE_ID, FIRST_NAME, LAST_NAME, EMAIL, PHONE_NUMBER, 
    HIRE_DATE, JOB_ID, SALARY, COMMISSION_PCT, MANAGER_ID, 
    DEPARTMENT_ID)
 Values
   (130, 'Mozhe', 'Atkinson', 'MATKINSO', '650.124.6234', 
    '2005-10-30 00:00:00', 'ST_CLERK', 2800, NULL, 121, 
    50);
Insert into EMPLOYEES
   (EMPLOYEE_ID, FIRST_NAME, LAST_NAME, EMAIL, PHONE_NUMBER, 
    HIRE_DATE, JOB_ID, SALARY, COMMISSION_PCT, MANAGER_ID, 
    DEPARTMENT_ID)
 Values
   (131, 'James', 'Marlow', 'JAMRLOW', '650.124.7234', 
    '2005-02-16 00:00:00', 'ST_CLERK', 2500, NULL, 121, 
    50);
Insert into EMPLOYEES
   (EMPLOYEE_ID, FIRST_NAME, LAST_NAME, EMAIL, PHONE_NUMBER, 
    HIRE_DATE, JOB_ID, SALARY, COMMISSION_PCT, MANAGER_ID, 
    DEPARTMENT_ID)
 Values
   (132, 'TJ', 'Olson', 'TJOLSON', '650.124.8234', 
    '2007-04-10 00:00:00', 'ST_CLERK', 2100, NULL, 121, 
    50);
Insert into EMPLOYEES
   (EMPLOYEE_ID, FIRST_NAME, LAST_NAME, EMAIL, PHONE_NUMBER, 
    HIRE_DATE, JOB_ID, SALARY, COMMISSION_PCT, MANAGER_ID, 
    DEPARTMENT_ID)
 Values
   (133, 'Jason', 'Mallin', 'JMALLIN', '650.127.1934', 
    '2004-06-14 00:00:00', 'ST_CLERK', 3300, NULL, 122, 
    50);
Insert into EMPLOYEES
   (EMPLOYEE_ID, FIRST_NAME, LAST_NAME, EMAIL, PHONE_NUMBER, 
    HIRE_DATE, JOB_ID, SALARY, COMMISSION_PCT, MANAGER_ID, 
    DEPARTMENT_ID)
 Values
   (134, 'Michael', 'Rogers', 'MROGERS', '650.127.1834', 
    '2006-08-26 00:00:00', 'ST_CLERK', 2900, NULL, 122, 
    50);
Insert into EMPLOYEES
   (EMPLOYEE_ID, FIRST_NAME, LAST_NAME, EMAIL, PHONE_NUMBER, 
    HIRE_DATE, JOB_ID, SALARY, COMMISSION_PCT, MANAGER_ID, 
    DEPARTMENT_ID)
 Values
   (135, 'Ki', 'Gee', 'KGEE', '650.127.1734', 
    '2007-12-12 00:00:00', 'ST_CLERK', 2400, NULL, 122, 
    50);
Insert into EMPLOYEES
   (EMPLOYEE_ID, FIRST_NAME, LAST_NAME, EMAIL, PHONE_NUMBER, 
    HIRE_DATE, JOB_ID, SALARY, COMMISSION_PCT, MANAGER_ID, 
    DEPARTMENT_ID)
 Values
   (136, 'Hazel', 'Philtanker', 'HPHILTAN', '650.127.1634', 
    '2008-02-06 00:00:00', 'ST_CLERK', 2200, NULL, 122, 
    50);
Insert into EMPLOYEES
   (EMPLOYEE_ID, FIRST_NAME, LAST_NAME, EMAIL, PHONE_NUMBER, 
    HIRE_DATE, JOB_ID, SALARY, COMMISSION_PCT, MANAGER_ID, 
    DEPARTMENT_ID)
 Values
   (137, 'Renske', 'Ladwig', 'RLADWIG', '650.121.1234', 
    '2003-07-14 00:00:00', 'ST_CLERK', 3600, NULL, 123, 
    50);
Insert into EMPLOYEES
   (EMPLOYEE_ID, FIRST_NAME, LAST_NAME, EMAIL, PHONE_NUMBER, 
    HIRE_DATE, JOB_ID, SALARY, COMMISSION_PCT, MANAGER_ID, 
    DEPARTMENT_ID)
 Values
   (138, 'Stephen', 'Stiles', 'SSTILES', '650.121.2034', 
    '2005-10-26 00:00:00', 'ST_CLERK', 3200, NULL, 123, 
    50);
Insert into EMPLOYEES
   (EMPLOYEE_ID, FIRST_NAME, LAST_NAME, EMAIL, PHONE_NUMBER, 
    HIRE_DATE, JOB_ID, SALARY, COMMISSION_PCT, MANAGER_ID, 
    DEPARTMENT_ID)
 Values
   (139, 'John', 'Seo', 'JSEO', '650.121.2019', 
    '2006-02-12 00:00:00', 'ST_CLERK', 2700, NULL, 123, 
    50);
Insert into EMPLOYEES
   (EMPLOYEE_ID, FIRST_NAME, LAST_NAME, EMAIL, PHONE_NUMBER, 
    HIRE_DATE, JOB_ID, SALARY, COMMISSION_PCT, MANAGER_ID, 
    DEPARTMENT_ID)
 Values
   (140, 'Joshua', 'Patel', 'JPATEL', '650.121.1834', 
    '2006-04-06 00:00:00', 'ST_CLERK', 2500, NULL, 123, 
    50);
Insert into EMPLOYEES
   (EMPLOYEE_ID, FIRST_NAME, LAST_NAME, EMAIL, PHONE_NUMBER, 
    HIRE_DATE, JOB_ID, SALARY, COMMISSION_PCT, MANAGER_ID, 
    DEPARTMENT_ID)
 Values
   (141, 'Trenna', 'Rajs', 'TRAJS', '650.121.8009', 
    '2003-10-17 00:00:00', 'ST_CLERK', 3500, NULL, 124, 
    50);
Insert into EMPLOYEES
   (EMPLOYEE_ID, FIRST_NAME, LAST_NAME, EMAIL, PHONE_NUMBER, 
    HIRE_DATE, JOB_ID, SALARY, COMMISSION_PCT, MANAGER_ID, 
    DEPARTMENT_ID)
 Values
   (142, 'Curtis', 'Davies', 'CDAVIES', '650.121.2994', 
    '2005-01-29 00:00:00', 'ST_CLERK', 3100, NULL, 124, 
    50);
Insert into EMPLOYEES
   (EMPLOYEE_ID, FIRST_NAME, LAST_NAME, EMAIL, PHONE_NUMBER, 
    HIRE_DATE, JOB_ID, SALARY, COMMISSION_PCT, MANAGER_ID, 
    DEPARTMENT_ID)
 Values
   (143, 'Randall', 'Matos', 'RMATOS', '650.121.2874', 
    '2006-03-15 00:00:00', 'ST_CLERK', 2600, NULL, 124, 
    50);
Insert into EMPLOYEES
   (EMPLOYEE_ID, FIRST_NAME, LAST_NAME, EMAIL, PHONE_NUMBER, 
    HIRE_DATE, JOB_ID, SALARY, COMMISSION_PCT, MANAGER_ID, 
    DEPARTMENT_ID)
 Values
   (144, 'Peter', 'Vargas', 'PVARGAS', '650.121.2004', 
    '2006-07-09 00:00:00', 'ST_CLERK', 2500, NULL, 124, 
    50);
Insert into EMPLOYEES
   (EMPLOYEE_ID, FIRST_NAME, LAST_NAME, EMAIL, PHONE_NUMBER, 
    HIRE_DATE, JOB_ID, SALARY, COMMISSION_PCT, MANAGER_ID, 
    DEPARTMENT_ID)
 Values
   (145, 'John', 'Russell', 'JRUSSEL', '-011.44.1344.429268', 
    '2004-10-01 00:00:00', 'SA_MAN', 14000, 0.4, 100, 
    80);
Insert into EMPLOYEES
   (EMPLOYEE_ID, FIRST_NAME, LAST_NAME, EMAIL, PHONE_NUMBER, 
    HIRE_DATE, JOB_ID, SALARY, COMMISSION_PCT, MANAGER_ID, 
    DEPARTMENT_ID)
 Values
   (146, 'Karen', 'Partners', 'KPARTNER', '-011.44.1344.467268', 
    '2005-01-05 00:00:00', 'SA_MAN', 13500, 0.3, 100, 
    80);
Insert into EMPLOYEES
   (EMPLOYEE_ID, FIRST_NAME, LAST_NAME, EMAIL, PHONE_NUMBER, 
    HIRE_DATE, JOB_ID, SALARY, COMMISSION_PCT, MANAGER_ID, 
    DEPARTMENT_ID)
 Values
   (147, 'Alberto', 'Errazuriz', 'AERRAZUR', '-011.44.1344.429278', 
    '2005-03-10 00:00:00', 'SA_MAN', 12000, 0.3, 100, 
    80);
Insert into EMPLOYEES
   (EMPLOYEE_ID, FIRST_NAME, LAST_NAME, EMAIL, PHONE_NUMBER, 
    HIRE_DATE, JOB_ID, SALARY, COMMISSION_PCT, MANAGER_ID, 
    DEPARTMENT_ID)
 Values
   (148, 'Gerald', 'Cambrault', 'GCAMBRAU', '-011.44.1344.619268', 
    '2007-10-15 00:00:00', 'SA_MAN', 11000, 0.3, 100, 
    80);
Insert into EMPLOYEES
   (EMPLOYEE_ID, FIRST_NAME, LAST_NAME, EMAIL, PHONE_NUMBER, 
    HIRE_DATE, JOB_ID, SALARY, COMMISSION_PCT, MANAGER_ID, 
    DEPARTMENT_ID)
 Values
   (149, 'Eleni', 'Zlotkey', 'EZLOTKEY', '-011.44.1344.429018', 
    '2008-01-29 00:00:00', 'SA_MAN', 10500, 0.2, 100, 
    80);
Insert into EMPLOYEES
   (EMPLOYEE_ID, FIRST_NAME, LAST_NAME, EMAIL, PHONE_NUMBER, 
    HIRE_DATE, JOB_ID, SALARY, COMMISSION_PCT, MANAGER_ID, 
    DEPARTMENT_ID)
 Values
   (150, 'Peter', 'Tucker', 'PTUCKER', '-011.44.1344.129268', 
    '2005-01-30 00:00:00', 'SA_REP', 10000, 0.3, 145, 
    80);
Insert into EMPLOYEES
   (EMPLOYEE_ID, FIRST_NAME, LAST_NAME, EMAIL, PHONE_NUMBER, 
    HIRE_DATE, JOB_ID, SALARY, COMMISSION_PCT, MANAGER_ID, 
    DEPARTMENT_ID)
 Values
   (151, 'David', 'Bernstein', 'DBERNSTE', '-011.44.1344.345268', 
    '2005-03-24 00:00:00', 'SA_REP', 9500, 0.25, 145, 
    80);
Insert into EMPLOYEES
   (EMPLOYEE_ID, FIRST_NAME, LAST_NAME, EMAIL, PHONE_NUMBER, 
    HIRE_DATE, JOB_ID, SALARY, COMMISSION_PCT, MANAGER_ID, 
    DEPARTMENT_ID)
 Values
   (152, 'Peter', 'Hall', 'PHALL', '-011.44.1344.478968', 
    '2005-08-20 00:00:00', 'SA_REP', 9000, 0.25, 145, 
    80);
Insert into EMPLOYEES
   (EMPLOYEE_ID, FIRST_NAME, LAST_NAME, EMAIL, PHONE_NUMBER, 
    HIRE_DATE, JOB_ID, SALARY, COMMISSION_PCT, MANAGER_ID, 
    DEPARTMENT_ID)
 Values
   (153, 'Christopher', 'Olsen', 'COLSEN', '-011.44.1344.498718', 
    '2006-03-30 00:00:00', 'SA_REP', 8000, 0.2, 145, 
    80);
Insert into EMPLOYEES
   (EMPLOYEE_ID, FIRST_NAME, LAST_NAME, EMAIL, PHONE_NUMBER, 
    HIRE_DATE, JOB_ID, SALARY, COMMISSION_PCT, MANAGER_ID, 
    DEPARTMENT_ID)
 Values
   (154, 'Nanette', 'Cambrault', 'NCAMBRAU', '-011.44.1344.987668', 
    '2006-12-09 00:00:00', 'SA_REP', 7500, 0.2, 145, 
    80);
Insert into EMPLOYEES
   (EMPLOYEE_ID, FIRST_NAME, LAST_NAME, EMAIL, PHONE_NUMBER, 
    HIRE_DATE, JOB_ID, SALARY, COMMISSION_PCT, MANAGER_ID, 
    DEPARTMENT_ID)
 Values
   (155, 'Oliver', 'Tuvault', 'OTUVAULT', '-011.44.1344.486508', 
    '2007-11-23 00:00:00', 'SA_REP', 7000, 0.15, 145, 
    80);
Insert into EMPLOYEES
   (EMPLOYEE_ID, FIRST_NAME, LAST_NAME, EMAIL, PHONE_NUMBER, 
    HIRE_DATE, JOB_ID, SALARY, COMMISSION_PCT, MANAGER_ID, 
    DEPARTMENT_ID)
 Values
   (156, 'Janette', 'King', 'JKING', '-011.44.1345.429268', 
    '2004-01-30 00:00:00', 'SA_REP', 10000, 0.35, 146, 
    80);
Insert into EMPLOYEES
   (EMPLOYEE_ID, FIRST_NAME, LAST_NAME, EMAIL, PHONE_NUMBER, 
    HIRE_DATE, JOB_ID, SALARY, COMMISSION_PCT, MANAGER_ID, 
    DEPARTMENT_ID)
 Values
   (157, 'Patrick', 'Sully', 'PSULLY', '-011.44.1345.929268', 
    '2004-03-04 00:00:00', 'SA_REP', 9500, 0.35, 146, 
    80);
Insert into EMPLOYEES
   (EMPLOYEE_ID, FIRST_NAME, LAST_NAME, EMAIL, PHONE_NUMBER, 
    HIRE_DATE, JOB_ID, SALARY, COMMISSION_PCT, MANAGER_ID, 
    DEPARTMENT_ID)
 Values
   (158, 'Allan', 'McEwen', 'AMCEWEN', '-011.44.1345.829268', 
    '2004-08-01 00:00:00', 'SA_REP', 9000, 0.35, 146, 
    80);
Insert into EMPLOYEES
   (EMPLOYEE_ID, FIRST_NAME, LAST_NAME, EMAIL, PHONE_NUMBER, 
    HIRE_DATE, JOB_ID, SALARY, COMMISSION_PCT, MANAGER_ID, 
    DEPARTMENT_ID)
 Values
   (159, 'Lindsey', 'Smith', 'LSMITH', '-011.44.1345.729268', 
    '2005-03-10 00:00:00', 'SA_REP', 8000, 0.3, 146, 
    80);
Insert into EMPLOYEES
   (EMPLOYEE_ID, FIRST_NAME, LAST_NAME, EMAIL, PHONE_NUMBER, 
    HIRE_DATE, JOB_ID, SALARY, COMMISSION_PCT, MANAGER_ID, 
    DEPARTMENT_ID)
 Values
   (160, 'Louise', 'Doran', 'LDORAN', '-011.44.1345.629268', 
    '2005-12-15 00:00:00', 'SA_REP', 7500, 0.3, 146, 
    80);
Insert into EMPLOYEES
   (EMPLOYEE_ID, FIRST_NAME, LAST_NAME, EMAIL, PHONE_NUMBER, 
    HIRE_DATE, JOB_ID, SALARY, COMMISSION_PCT, MANAGER_ID, 
    DEPARTMENT_ID)
 Values
   (161, 'Sarath', 'Sewall', 'SSEWALL', '-011.44.1345.529268', 
    '2006-11-03 00:00:00', 'SA_REP', 7000, 0.25, 146, 
    80);
Insert into EMPLOYEES
   (EMPLOYEE_ID, FIRST_NAME, LAST_NAME, EMAIL, PHONE_NUMBER, 
    HIRE_DATE, JOB_ID, SALARY, COMMISSION_PCT, MANAGER_ID, 
    DEPARTMENT_ID)
 Values
   (162, 'Clara', 'Vishney', 'CVISHNEY', '-011.44.1346.129268', 
    '2005-11-11 00:00:00', 'SA_REP', 10500, 0.25, 147, 
    80);
Insert into EMPLOYEES
   (EMPLOYEE_ID, FIRST_NAME, LAST_NAME, EMAIL, PHONE_NUMBER, 
    HIRE_DATE, JOB_ID, SALARY, COMMISSION_PCT, MANAGER_ID, 
    DEPARTMENT_ID)
 Values
   (163, 'Danielle', 'Greene', 'DGREENE', '-011.44.1346.229268', 
    '2007-03-19 00:00:00', 'SA_REP', 9500, 0.15, 147, 
    80);
Insert into EMPLOYEES
   (EMPLOYEE_ID, FIRST_NAME, LAST_NAME, EMAIL, PHONE_NUMBER, 
    HIRE_DATE, JOB_ID, SALARY, COMMISSION_PCT, MANAGER_ID, 
    DEPARTMENT_ID)
 Values
   (164, 'Mattea', 'Marvins', 'MMARVINS', '-011.44.1346.329268', 
    '2008-01-24 00:00:00', 'SA_REP', 7200, 0.1, 147, 
    80);
Insert into EMPLOYEES
   (EMPLOYEE_ID, FIRST_NAME, LAST_NAME, EMAIL, PHONE_NUMBER, 
    HIRE_DATE, JOB_ID, SALARY, COMMISSION_PCT, MANAGER_ID, 
    DEPARTMENT_ID)
 Values
   (165, 'David', 'Lee', 'DLEE', '-011.44.1346.529268', 
    '2008-02-23 00:00:00', 'SA_REP', 6800, 0.1, 147, 
    80);
Insert into EMPLOYEES
   (EMPLOYEE_ID, FIRST_NAME, LAST_NAME, EMAIL, PHONE_NUMBER, 
    HIRE_DATE, JOB_ID, SALARY, COMMISSION_PCT, MANAGER_ID, 
    DEPARTMENT_ID)
 Values
   (166, 'Sundar', 'Ande', 'SANDE', '-011.44.1346.629268', 
    '2008-03-24 00:00:00', 'SA_REP', 6400, 0.1, 147, 
    80);
Insert into EMPLOYEES
   (EMPLOYEE_ID, FIRST_NAME, LAST_NAME, EMAIL, PHONE_NUMBER, 
    HIRE_DATE, JOB_ID, SALARY, COMMISSION_PCT, MANAGER_ID, 
    DEPARTMENT_ID)
 Values
   (167, 'Amit', 'Banda', 'ABANDA', '-011.44.1346.729268', 
    '2008-04-21 00:00:00', 'SA_REP', 6200, 0.1, 147, 
    80);
Insert into EMPLOYEES
   (EMPLOYEE_ID, FIRST_NAME, LAST_NAME, EMAIL, PHONE_NUMBER, 
    HIRE_DATE, JOB_ID, SALARY, COMMISSION_PCT, MANAGER_ID, 
    DEPARTMENT_ID)
 Values
   (168, 'Lisa', 'Ozer', 'LOZER', '-011.44.1343.929268', 
    '2005-03-11 00:00:00', 'SA_REP', 11500, 0.25, 148, 
    80);
Insert into EMPLOYEES
   (EMPLOYEE_ID, FIRST_NAME, LAST_NAME, EMAIL, PHONE_NUMBER, 
    HIRE_DATE, JOB_ID, SALARY, COMMISSION_PCT, MANAGER_ID, 
    DEPARTMENT_ID)
 Values
   (169, 'Harrison', 'Bloom', 'HBLOOM', '-011.44.1343.829268', 
    '2006-03-23 00:00:00', 'SA_REP', 10000, 0.2, 148, 
    80);
Insert into EMPLOYEES
   (EMPLOYEE_ID, FIRST_NAME, LAST_NAME, EMAIL, PHONE_NUMBER, 
    HIRE_DATE, JOB_ID, SALARY, COMMISSION_PCT, MANAGER_ID, 
    DEPARTMENT_ID)
 Values
   (170, 'Tayler', 'Fox', 'TFOX', '-011.44.1343.729268', 
    '2006-01-24 00:00:00', 'SA_REP', 9600, 0.2, 148, 
    80);
Insert into EMPLOYEES
   (EMPLOYEE_ID, FIRST_NAME, LAST_NAME, EMAIL, PHONE_NUMBER, 
    HIRE_DATE, JOB_ID, SALARY, COMMISSION_PCT, MANAGER_ID, 
    DEPARTMENT_ID)
 Values
   (171, 'William', 'Smith', 'WSMITH', '-011.44.1343.629268', 
    '2007-02-23 00:00:00', 'SA_REP', 7400, 0.15, 148, 
    80);
Insert into EMPLOYEES
   (EMPLOYEE_ID, FIRST_NAME, LAST_NAME, EMAIL, PHONE_NUMBER, 
    HIRE_DATE, JOB_ID, SALARY, COMMISSION_PCT, MANAGER_ID, 
    DEPARTMENT_ID)
 Values
   (172, 'Elizabeth', 'Bates', 'EBATES', '-011.44.1343.529268', 
    '2007-03-24 00:00:00', 'SA_REP', 7300, 0.15, 148, 
    80);
Insert into EMPLOYEES
   (EMPLOYEE_ID, FIRST_NAME, LAST_NAME, EMAIL, PHONE_NUMBER, 
    HIRE_DATE, JOB_ID, SALARY, COMMISSION_PCT, MANAGER_ID, 
    DEPARTMENT_ID)
 Values
   (173, 'Sundita', 'Kumar', 'SKUMAR', '-011.44.1343.329268', 
    '2008-04-21 00:00:00', 'SA_REP', 6100, 0.1, 148, 
    80);
Insert into EMPLOYEES
   (EMPLOYEE_ID, FIRST_NAME, LAST_NAME, EMAIL, PHONE_NUMBER, 
    HIRE_DATE, JOB_ID, SALARY, COMMISSION_PCT, MANAGER_ID, 
    DEPARTMENT_ID)
 Values
   (174, 'Ellen', 'Abel', 'EABEL', '-011.44.1644.429267', 
    '2004-05-11 00:00:00', 'SA_REP', 11000, 0.3, 149, 
    80);
Insert into EMPLOYEES
   (EMPLOYEE_ID, FIRST_NAME, LAST_NAME, EMAIL, PHONE_NUMBER, 
    HIRE_DATE, JOB_ID, SALARY, COMMISSION_PCT, MANAGER_ID, 
    DEPARTMENT_ID)
 Values
   (175, 'Alyssa', 'Hutton', 'AHUTTON', '-011.44.1644.429266', 
    '2005-03-19 00:00:00', 'SA_REP', 8800, 0.25, 149, 
    80);
Insert into EMPLOYEES
   (EMPLOYEE_ID, FIRST_NAME, LAST_NAME, EMAIL, PHONE_NUMBER, 
    HIRE_DATE, JOB_ID, SALARY, COMMISSION_PCT, MANAGER_ID, 
    DEPARTMENT_ID)
 Values
   (176, 'Jonathon', 'Taylor', 'JTAYLOR', '-011.44.1644.429265', 
    '2006-03-24 00:00:00', 'SA_REP', 8600, 0.2, 149, 
    80);
Insert into EMPLOYEES
   (EMPLOYEE_ID, FIRST_NAME, LAST_NAME, EMAIL, PHONE_NUMBER, 
    HIRE_DATE, JOB_ID, SALARY, COMMISSION_PCT, MANAGER_ID, 
    DEPARTMENT_ID)
 Values
   (177, 'Jack', 'Livingston', 'JLIVINGS', '-011.44.1644.429264', 
    '2006-04-23 00:00:00', 'SA_REP', 8400, 0.2, 149, 
    80);
Insert into EMPLOYEES
   (EMPLOYEE_ID, FIRST_NAME, LAST_NAME, EMAIL, PHONE_NUMBER, 
    HIRE_DATE, JOB_ID, SALARY, COMMISSION_PCT, MANAGER_ID, 
    DEPARTMENT_ID)
 Values
   (178, 'Kimberely', 'Grant', 'KGRANT', '-011.44.1644.429263', 
    '2007-05-24 00:00:00', 'SA_REP', 7000, 0.15, 149, 
    NULL);
Insert into EMPLOYEES
   (EMPLOYEE_ID, FIRST_NAME, LAST_NAME, EMAIL, PHONE_NUMBER, 
    HIRE_DATE, JOB_ID, SALARY, COMMISSION_PCT, MANAGER_ID, 
    DEPARTMENT_ID)
 Values
   (179, 'Charles', 'Johnson', 'CJOHNSON', '-011.44.1644.429262', 
    '2008-01-04 00:00:00', 'SA_REP', 6200, 0.1, 149, 
    80);
Insert into EMPLOYEES
   (EMPLOYEE_ID, FIRST_NAME, LAST_NAME, EMAIL, PHONE_NUMBER, 
    HIRE_DATE, JOB_ID, SALARY, COMMISSION_PCT, MANAGER_ID, 
    DEPARTMENT_ID)
 Values
   (180, 'Winston', 'Taylor', 'WTAYLOR', '650.507.9876', 
    '2006-01-24 00:00:00', 'SH_CLERK', 3200, NULL, 120, 
    50);
Insert into EMPLOYEES
   (EMPLOYEE_ID, FIRST_NAME, LAST_NAME, EMAIL, PHONE_NUMBER, 
    HIRE_DATE, JOB_ID, SALARY, COMMISSION_PCT, MANAGER_ID, 
    DEPARTMENT_ID)
 Values
   (181, 'Jean', 'Fleaur', 'JFLEAUR', '650.507.9877', 
    '2006-02-23 00:00:00', 'SH_CLERK', 3100, NULL, 120, 
    50);
Insert into EMPLOYEES
   (EMPLOYEE_ID, FIRST_NAME, LAST_NAME, EMAIL, PHONE_NUMBER, 
    HIRE_DATE, JOB_ID, SALARY, COMMISSION_PCT, MANAGER_ID, 
    DEPARTMENT_ID)
 Values
   (182, 'Martha', 'Sullivan', 'MSULLIVA', '650.507.9878', 
    '2007-06-21 00:00:00', 'SH_CLERK', 2500, NULL, 120, 
    50);
Insert into EMPLOYEES
   (EMPLOYEE_ID, FIRST_NAME, LAST_NAME, EMAIL, PHONE_NUMBER, 
    HIRE_DATE, JOB_ID, SALARY, COMMISSION_PCT, MANAGER_ID, 
    DEPARTMENT_ID)
 Values
   (183, 'Girard', 'Geoni', 'GGEONI', '650.507.9879', 
    '2008-02-03 00:00:00', 'SH_CLERK', 2800, NULL, 120, 
    50);
Insert into EMPLOYEES
   (EMPLOYEE_ID, FIRST_NAME, LAST_NAME, EMAIL, PHONE_NUMBER, 
    HIRE_DATE, JOB_ID, SALARY, COMMISSION_PCT, MANAGER_ID, 
    DEPARTMENT_ID)
 Values
   (184, 'Nandita', 'Sarchand', 'NSARCHAN', '650.509.1876', 
    '2004-01-27 00:00:00', 'SH_CLERK', 4200, NULL, 121, 
    50);
Insert into EMPLOYEES
   (EMPLOYEE_ID, FIRST_NAME, LAST_NAME, EMAIL, PHONE_NUMBER, 
    HIRE_DATE, JOB_ID, SALARY, COMMISSION_PCT, MANAGER_ID, 
    DEPARTMENT_ID)
 Values
   (185, 'Alexis', 'Bull', 'ABULL', '650.509.2876', 
    '2005-02-20 00:00:00', 'SH_CLERK', 4100, NULL, 121, 
    50);
Insert into EMPLOYEES
   (EMPLOYEE_ID, FIRST_NAME, LAST_NAME, EMAIL, PHONE_NUMBER, 
    HIRE_DATE, JOB_ID, SALARY, COMMISSION_PCT, MANAGER_ID, 
    DEPARTMENT_ID)
 Values
   (186, 'Julia', 'Dellinger', 'JDELLING', '650.509.3876', 
    '2006-06-24 00:00:00', 'SH_CLERK', 3400, NULL, 121, 
    50);
Insert into EMPLOYEES
   (EMPLOYEE_ID, FIRST_NAME, LAST_NAME, EMAIL, PHONE_NUMBER, 
    HIRE_DATE, JOB_ID, SALARY, COMMISSION_PCT, MANAGER_ID, 
    DEPARTMENT_ID)
 Values
   (187, 'Anthony', 'Cabrio', 'ACABRIO', '650.509.4876', 
    '2007-02-07 00:00:00', 'SH_CLERK', 3000, NULL, 121, 
    50);
Insert into EMPLOYEES
   (EMPLOYEE_ID, FIRST_NAME, LAST_NAME, EMAIL, PHONE_NUMBER, 
    HIRE_DATE, JOB_ID, SALARY, COMMISSION_PCT, MANAGER_ID, 
    DEPARTMENT_ID)
 Values
   (188, 'Kelly', 'Chung', 'KCHUNG', '650.505.1876', 
    '2005-06-14 00:00:00', 'SH_CLERK', 3800, NULL, 122, 
    50);
Insert into EMPLOYEES
   (EMPLOYEE_ID, FIRST_NAME, LAST_NAME, EMAIL, PHONE_NUMBER, 
    HIRE_DATE, JOB_ID, SALARY, COMMISSION_PCT, MANAGER_ID, 
    DEPARTMENT_ID)
 Values
   (189, 'Jennifer', 'Dilly', 'JDILLY', '650.505.2876', 
    '2005-08-13 00:00:00', 'SH_CLERK', 3600, NULL, 122, 
    50);
Insert into EMPLOYEES
   (EMPLOYEE_ID, FIRST_NAME, LAST_NAME, EMAIL, PHONE_NUMBER, 
    HIRE_DATE, JOB_ID, SALARY, COMMISSION_PCT, MANAGER_ID, 
    DEPARTMENT_ID)
 Values
   (190, 'Timothy', 'Gates', 'TGATES', '650.505.3876', 
    '2006-07-11 00:00:00', 'SH_CLERK', 2900, NULL, 122, 
    50);
Insert into EMPLOYEES
   (EMPLOYEE_ID, FIRST_NAME, LAST_NAME, EMAIL, PHONE_NUMBER, 
    HIRE_DATE, JOB_ID, SALARY, COMMISSION_PCT, MANAGER_ID, 
    DEPARTMENT_ID)
 Values
   (191, 'Randall', 'Perkins', 'RPERKINS', '650.505.4876', 
    '2007-12-19 00:00:00', 'SH_CLERK', 2500, NULL, 122, 
    50);
Insert into EMPLOYEES
   (EMPLOYEE_ID, FIRST_NAME, LAST_NAME, EMAIL, PHONE_NUMBER, 
    HIRE_DATE, JOB_ID, SALARY, COMMISSION_PCT, MANAGER_ID, 
    DEPARTMENT_ID)
 Values
   (192, 'Sarah', 'Bell', 'SBELL', '650.501.1876', 
    '2004-02-04 00:00:00', 'SH_CLERK', 4000, NULL, 123, 
    50);
Insert into EMPLOYEES
   (EMPLOYEE_ID, FIRST_NAME, LAST_NAME, EMAIL, PHONE_NUMBER, 
    HIRE_DATE, JOB_ID, SALARY, COMMISSION_PCT, MANAGER_ID, 
    DEPARTMENT_ID)
 Values
   (193, 'Britney', 'Everett', 'BEVERETT', '650.501.2876', 
    '2005-03-03 00:00:00', 'SH_CLERK', 3900, NULL, 123, 
    50);
Insert into EMPLOYEES
   (EMPLOYEE_ID, FIRST_NAME, LAST_NAME, EMAIL, PHONE_NUMBER, 
    HIRE_DATE, JOB_ID, SALARY, COMMISSION_PCT, MANAGER_ID, 
    DEPARTMENT_ID)
 Values
   (194, 'Samuel', 'McCain', 'SMCCAIN', '650.501.3876', 
    '2006-07-01 00:00:00', 'SH_CLERK', 3200, NULL, 123, 
    50);
Insert into EMPLOYEES
   (EMPLOYEE_ID, FIRST_NAME, LAST_NAME, EMAIL, PHONE_NUMBER, 
    HIRE_DATE, JOB_ID, SALARY, COMMISSION_PCT, MANAGER_ID, 
    DEPARTMENT_ID)
 Values
   (195, 'Vance', 'Jones', 'VJONES', '650.501.4876', 
    '2007-03-17 00:00:00', 'SH_CLERK', 2800, NULL, 123, 
    50);
Insert into EMPLOYEES
   (EMPLOYEE_ID, FIRST_NAME, LAST_NAME, EMAIL, PHONE_NUMBER, 
    HIRE_DATE, JOB_ID, SALARY, COMMISSION_PCT, MANAGER_ID, 
    DEPARTMENT_ID)
 Values
   (196, 'Alana', 'Walsh', 'AWALSH', '650.507.9811', 
    '2006-04-24 00:00:00', 'SH_CLERK', 3100, NULL, 124, 
    50);
Insert into EMPLOYEES
   (EMPLOYEE_ID, FIRST_NAME, LAST_NAME, EMAIL, PHONE_NUMBER, 
    HIRE_DATE, JOB_ID, SALARY, COMMISSION_PCT, MANAGER_ID, 
    DEPARTMENT_ID)
 Values
   (197, 'Kevin', 'Feeney', 'KFEENEY', '650.507.9822', 
    '2006-05-23 00:00:00', 'SH_CLERK', 3000, NULL, 124, 
    50);
Insert into EMPLOYEES
   (EMPLOYEE_ID, FIRST_NAME, LAST_NAME, EMAIL, PHONE_NUMBER, 
    HIRE_DATE, JOB_ID, SALARY, COMMISSION_PCT, MANAGER_ID, 
    DEPARTMENT_ID)
 Values
   (198, 'Donald', 'OConnell', 'DOCONNEL', '650.507.9833', 
    '2007-06-21 00:00:00', 'SH_CLERK', 2600, NULL, 124, 
    50);
Insert into EMPLOYEES
   (EMPLOYEE_ID, FIRST_NAME, LAST_NAME, EMAIL, PHONE_NUMBER, 
    HIRE_DATE, JOB_ID, SALARY, COMMISSION_PCT, MANAGER_ID, 
    DEPARTMENT_ID)
 Values
   (199, 'Douglas', 'Grant', 'DGRANT', '650.507.9844', 
    '2008-01-13 00:00:00', 'SH_CLERK', 2600, NULL, 124, 
    50);
Insert into EMPLOYEES
   (EMPLOYEE_ID, FIRST_NAME, LAST_NAME, EMAIL, PHONE_NUMBER, 
    HIRE_DATE, JOB_ID, SALARY, COMMISSION_PCT, MANAGER_ID, 
    DEPARTMENT_ID)
 Values
   (200, 'Jennifer', 'Whalen', 'JWHALEN', '515.123.4444', 
    '2003-09-17 00:00:00', 'AD_ASST', 4400, NULL, 101, 
    10);
Insert into EMPLOYEES
   (EMPLOYEE_ID, FIRST_NAME, LAST_NAME, EMAIL, PHONE_NUMBER, 
    HIRE_DATE, JOB_ID, SALARY, COMMISSION_PCT, MANAGER_ID, 
    DEPARTMENT_ID)
 Values
   (201, 'Michael', 'Hartstein', 'MHARTSTE', '515.123.5555', 
    '2004-02-17 00:00:00', 'MK_MAN', 13000, NULL, 100, 
    20);
Insert into EMPLOYEES
   (EMPLOYEE_ID, FIRST_NAME, LAST_NAME, EMAIL, PHONE_NUMBER, 
    HIRE_DATE, JOB_ID, SALARY, COMMISSION_PCT, MANAGER_ID, 
    DEPARTMENT_ID)
 Values
   (202, 'Pat', 'Fay', 'PFAY', '603.123.6666', 
    '2005-08-17 00:00:00', 'MK_REP', 6000, NULL, 201, 
    20);
Insert into EMPLOYEES
   (EMPLOYEE_ID, FIRST_NAME, LAST_NAME, EMAIL, PHONE_NUMBER, 
    HIRE_DATE, JOB_ID, SALARY, COMMISSION_PCT, MANAGER_ID, 
    DEPARTMENT_ID)
 Values
   (203, 'Susan', 'Mavris', 'SMAVRIS', '515.123.7777', 
    '2002-06-07 00:00:00', 'HR_REP', 6500, NULL, 101, 
    40);
Insert into EMPLOYEES
   (EMPLOYEE_ID, FIRST_NAME, LAST_NAME, EMAIL, PHONE_NUMBER, 
    HIRE_DATE, JOB_ID, SALARY, COMMISSION_PCT, MANAGER_ID, 
    DEPARTMENT_ID)
 Values
   (204, 'Hermann', 'Baer', 'HBAER', '515.123.8888', 
    '2002-06-07 00:00:00', 'PR_REP', 10000, NULL, 101, 
    70);
Insert into EMPLOYEES
   (EMPLOYEE_ID, FIRST_NAME, LAST_NAME, EMAIL, PHONE_NUMBER, 
    HIRE_DATE, JOB_ID, SALARY, COMMISSION_PCT, MANAGER_ID, 
    DEPARTMENT_ID)
 Values
   (205, 'Shelley', 'Higgins', 'SHIGGINS', '515.123.8080', 
    '2002-06-07 00:00:00', 'AC_MGR', 12008, NULL, 101, 
    110);
Insert into EMPLOYEES
   (EMPLOYEE_ID, FIRST_NAME, LAST_NAME, EMAIL, PHONE_NUMBER, 
    HIRE_DATE, JOB_ID, SALARY, COMMISSION_PCT, MANAGER_ID, 
    DEPARTMENT_ID)
 Values
   (206, 'William', 'Gietz', 'WGIETZ', '515.123.8181', 
    '2002-06-07 00:00:00', 'AC_ACCOUNT', 8300, NULL, 205, 
    110);
COMMIT;
